building_id,damage_grade
1,Grade 5
2,Grade 3
3,Grade 4
4,Grade 1
5,Grade 5
6,Grade 4
7,Grade 4
8,Grade 5
9,Grade 3
10,Grade 3
11,Grade 5
12,Grade 4
13,Grade 5
14,Grade 5
15,Grade 3
16,Grade 3
17,Grade 2
18,Grade 4
19,Grade 3
20,Grade 4
21,Grade 2
22,Grade 2
23,Grade 2
24,Grade 1
25,Grade 4
26,Grade 2
27,Grade 2
28,Grade 1
29,Grade 4
30,Grade 4
31,Grade 2
32,Grade 4
33,Grade 3
34,Grade 2
35,Grade 4
36,Grade 2
37,Grade 4
38,Grade 1
39,Grade 5
40,Grade 1
41,Grade 3
42,Grade 5
43,Grade 1
44,Grade 3
45,Grade 3
46,Grade 3
47,Grade 2
48,Grade 1
49,Grade 4
50,Grade 3
51,Grade 4
52,Grade 2
53,Grade 3
54,Grade 3
55,Grade 3
56,Grade 3
57,Grade 2
58,Grade 2
59,Grade 2
60,Grade 3
61,Grade 2
62,Grade 4
63,Grade 3
64,Grade 3
65,Grade 3
66,Grade 2
67,Grade 3
68,Grade 5
69,Grade 4
70,Grade 4
71,Grade 4
72,Grade 3
73,Grade 1
74,Grade 4
75,Grade 2
76,Grade 3
77,Grade 4
78,Grade 4
79,Grade 3
80,Grade 3
81,Grade 4
82,Grade 4
83,Grade 4
84,Grade 5
85,Grade 1
86,Grade 3
87,Grade 2
88,Grade 2
89,Grade 5
90,Grade 5
91,Grade 2
92,Grade 1
93,Grade 2
94,Grade 4
95,Grade 2
96,Grade 1
97,Grade 1
98,Grade 3
99,Grade 5
100,Grade 2
101,Grade 3
102,Grade 2
103,Grade 3
104,Grade 4
105,Grade 2
106,Grade 2
107,Grade 4
108,Grade 1
109,Grade 4
110,Grade 3
111,Grade 2
112,Grade 4
113,Grade 4
114,Grade 3
115,Grade 1
116,Grade 3
117,Grade 3
118,Grade 3
119,Grade 4
120,Grade 1
121,Grade 3
122,Grade 3
123,Grade 3
124,Grade 4
125,Grade 2
126,Grade 3
127,Grade 5
128,Grade 3
129,Grade 3
130,Grade 3
131,Grade 5
132,Grade 5
133,Grade 3
134,Grade 1
135,Grade 5
136,Grade 3
137,Grade 3
138,Grade 4
139,Grade 3
140,Grade 1
141,Grade 4
142,Grade 3
143,Grade 3
144,Grade 2
145,Grade 3
146,Grade 2
147,Grade 3
148,Grade 4
149,Grade 5
150,Grade 3
151,Grade 4
152,Grade 4
153,Grade 4
154,Grade 2
155,Grade 5
156,Grade 3
157,Grade 1
158,Grade 2
159,Grade 4
160,Grade 1
161,Grade 2
162,Grade 4
163,Grade 5
164,Grade 4
165,Grade 2
166,Grade 1
167,Grade 4
168,Grade 1
169,Grade 4
170,Grade 2
171,Grade 5
172,Grade 3
173,Grade 2
174,Grade 5
175,Grade 2
176,Grade 3
177,Grade 4
178,Grade 3
179,Grade 3
180,Grade 3
181,Grade 2
182,Grade 1
183,Grade 4
184,Grade 4
185,Grade 2
186,Grade 2
187,Grade 5
188,Grade 5
189,Grade 3
190,Grade 4
191,Grade 4
192,Grade 2
193,Grade 1
194,Grade 2
195,Grade 4
196,Grade 4
197,Grade 4
198,Grade 2
199,Grade 4
200,Grade 4
201,Grade 5
202,Grade 1
203,Grade 4
204,Grade 1
205,Grade 4
206,Grade 4
207,Grade 2
208,Grade 4
209,Grade 1
210,Grade 4
211,Grade 2
212,Grade 4
213,Grade 5
214,Grade 3
215,Grade 3
216,Grade 3
217,Grade 2
218,Grade 3
219,Grade 4
220,Grade 5
221,Grade 5
222,Grade 3
223,Grade 4
224,Grade 4
225,Grade 3
226,Grade 2
227,Grade 3
228,Grade 4
229,Grade 3
230,Grade 4
231,Grade 2
232,Grade 5
233,Grade 3
234,Grade 4
235,Grade 1
236,Grade 2
237,Grade 4
238,Grade 5
239,Grade 3
240,Grade 1
241,Grade 3
242,Grade 1
243,Grade 2
244,Grade 4
245,Grade 5
246,Grade 1
247,Grade 3
248,Grade 2
249,Grade 2
250,Grade 2
251,Grade 3
252,Grade 1
253,Grade 3
254,Grade 2
255,Grade 2
256,Grade 2
257,Grade 5
258,Grade 4
259,Grade 5
260,Grade 3
261,Grade 3
262,Grade 3
263,Grade 1
264,Grade 4
265,Grade 3
266,Grade 3
267,Grade 3
268,Grade 3
269,Grade 5
270,Grade 3
271,Grade 4
272,Grade 3
273,Grade 5
274,Grade 3
275,Grade 4
276,Grade 2
277,Grade 4
278,Grade 2
279,Grade 3
280,Grade 5
281,Grade 5
282,Grade 3
283,Grade 4
284,Grade 1
285,Grade 4
286,Grade 4
287,Grade 3
288,Grade 5
289,Grade 4
290,Grade 2
291,Grade 4
292,Grade 1
293,Grade 4
294,Grade 4
295,Grade 1
296,Grade 4
297,Grade 3
298,Grade 3
299,Grade 2
300,Grade 2
301,Grade 4
302,Grade 2
303,Grade 3
304,Grade 4
305,Grade 1
306,Grade 3
307,Grade 3
308,Grade 4
309,Grade 3
310,Grade 3
311,Grade 3
312,Grade 4
313,Grade 2
314,Grade 5
315,Grade 4
316,Grade 5
317,Grade 3
318,Grade 3
319,Grade 5
320,Grade 1
321,Grade 2
322,Grade 2
323,Grade 5
324,Grade 4
325,Grade 3
326,Grade 4
327,Grade 3
328,Grade 4
329,Grade 3
330,Grade 4
331,Grade 2
332,Grade 2
333,Grade 3
334,Grade 3
335,Grade 4
336,Grade 3
337,Grade 2
338,Grade 3
339,Grade 3
340,Grade 2
341,Grade 3
342,Grade 3
343,Grade 3
344,Grade 2
345,Grade 5
346,Grade 4
347,Grade 2
348,Grade 4
349,Grade 4
350,Grade 3
351,Grade 4
352,Grade 2
353,Grade 4
354,Grade 3
355,Grade 2
356,Grade 3
357,Grade 5
358,Grade 4
359,Grade 3
360,Grade 2
361,Grade 3
362,Grade 2
363,Grade 1
364,Grade 3
365,Grade 5
366,Grade 4
367,Grade 2
368,Grade 3
369,Grade 5
370,Grade 4
371,Grade 4
372,Grade 5
373,Grade 4
374,Grade 2
375,Grade 3
376,Grade 5
377,Grade 3
378,Grade 2
379,Grade 3
380,Grade 4
381,Grade 5
382,Grade 3
383,Grade 3
384,Grade 5
385,Grade 3
386,Grade 2
387,Grade 5
388,Grade 3
389,Grade 3
390,Grade 4
391,Grade 1
392,Grade 5
393,Grade 3
394,Grade 3
395,Grade 2
396,Grade 3
397,Grade 4
398,Grade 4
399,Grade 5
400,Grade 3
401,Grade 4
402,Grade 3
403,Grade 4
404,Grade 4
405,Grade 3
406,Grade 3
407,Grade 2
408,Grade 3
409,Grade 5
410,Grade 2
411,Grade 1
412,Grade 2
413,Grade 4
414,Grade 3
415,Grade 2
416,Grade 3
417,Grade 4
418,Grade 3
419,Grade 4
420,Grade 3
421,Grade 3
422,Grade 2
423,Grade 1
424,Grade 3
425,Grade 3
426,Grade 4
427,Grade 1
428,Grade 2
429,Grade 5
430,Grade 3
431,Grade 4
432,Grade 4
433,Grade 3
434,Grade 4
435,Grade 3
436,Grade 2
437,Grade 3
438,Grade 3
439,Grade 3
440,Grade 3
441,Grade 3
442,Grade 2
443,Grade 1
444,Grade 1
445,Grade 2
446,Grade 3
447,Grade 3
448,Grade 2
449,Grade 5
450,Grade 4
451,Grade 3
452,Grade 4
453,Grade 3
454,Grade 1
455,Grade 5
456,Grade 2
457,Grade 5
458,Grade 3
459,Grade 3
460,Grade 3
461,Grade 3
462,Grade 1
463,Grade 3
464,Grade 4
465,Grade 3
466,Grade 2
467,Grade 3
468,Grade 5
469,Grade 3
470,Grade 3
471,Grade 5
472,Grade 3
473,Grade 3
474,Grade 4
475,Grade 4
476,Grade 2
477,Grade 2
478,Grade 4
479,Grade 2
480,Grade 5
481,Grade 2
482,Grade 3
483,Grade 1
484,Grade 4
485,Grade 5
486,Grade 4
487,Grade 5
488,Grade 2
489,Grade 1
490,Grade 4
491,Grade 5
492,Grade 4
493,Grade 4
494,Grade 3
495,Grade 2
496,Grade 5
497,Grade 3
498,Grade 3
499,Grade 4
500,Grade 2
501,Grade 4
502,Grade 1
503,Grade 4
504,Grade 4
505,Grade 3
506,Grade 3
507,Grade 2
508,Grade 3
509,Grade 3
510,Grade 3
511,Grade 2
512,Grade 1
513,Grade 2
514,Grade 4
515,Grade 1
516,Grade 5
517,Grade 4
518,Grade 4
519,Grade 4
520,Grade 2
521,Grade 4
522,Grade 3
523,Grade 5
524,Grade 5
525,Grade 1
526,Grade 3
527,Grade 3
528,Grade 4
529,Grade 2
530,Grade 2
531,Grade 3
532,Grade 3
533,Grade 5
534,Grade 4
535,Grade 3
536,Grade 1
537,Grade 2
538,Grade 3
539,Grade 4
540,Grade 3
541,Grade 3
542,Grade 5
543,Grade 5
544,Grade 2
545,Grade 1
546,Grade 3
547,Grade 4
548,Grade 5
549,Grade 1
550,Grade 1
551,Grade 5
552,Grade 4
553,Grade 5
554,Grade 3
555,Grade 3
556,Grade 2
557,Grade 2
558,Grade 3
559,Grade 3
560,Grade 1
561,Grade 5
562,Grade 2
563,Grade 4
564,Grade 2
565,Grade 4
566,Grade 2
567,Grade 4
568,Grade 1
569,Grade 3
570,Grade 4
571,Grade 2
572,Grade 2
573,Grade 5
574,Grade 5
575,Grade 1
576,Grade 2
577,Grade 2
578,Grade 2
579,Grade 5
580,Grade 3
581,Grade 3
582,Grade 5
583,Grade 3
584,Grade 4
585,Grade 3
586,Grade 3
587,Grade 3
588,Grade 1
589,Grade 2
590,Grade 2
591,Grade 1
592,Grade 3
593,Grade 3
594,Grade 3
595,Grade 2
596,Grade 4
597,Grade 2
598,Grade 3
599,Grade 4
600,Grade 2
601,Grade 4
602,Grade 4
603,Grade 1
604,Grade 1
605,Grade 5
606,Grade 2
607,Grade 4
608,Grade 3
609,Grade 2
610,Grade 2
611,Grade 3
612,Grade 3
613,Grade 4
614,Grade 5
615,Grade 4
616,Grade 2
617,Grade 5
618,Grade 4
619,Grade 5
620,Grade 3
621,Grade 4
622,Grade 3
623,Grade 3
624,Grade 5
625,Grade 1
626,Grade 2
627,Grade 5
628,Grade 1
629,Grade 5
630,Grade 4
631,Grade 1
632,Grade 3
633,Grade 4
634,Grade 3
635,Grade 5
636,Grade 5
637,Grade 3
638,Grade 1
639,Grade 5
640,Grade 3
641,Grade 1
642,Grade 4
643,Grade 5
644,Grade 4
645,Grade 3
646,Grade 4
647,Grade 4
648,Grade 5
649,Grade 5
650,Grade 3
651,Grade 4
652,Grade 5
653,Grade 2
654,Grade 1
655,Grade 5
656,Grade 2
657,Grade 1
658,Grade 2
659,Grade 3
660,Grade 2
661,Grade 3
662,Grade 5
663,Grade 4
664,Grade 4
665,Grade 1
666,Grade 4
667,Grade 4
668,Grade 4
669,Grade 2
670,Grade 3
671,Grade 4
672,Grade 4
673,Grade 4
674,Grade 3
675,Grade 3
676,Grade 4
677,Grade 1
678,Grade 4
679,Grade 5
680,Grade 4
681,Grade 2
682,Grade 2
683,Grade 4
684,Grade 5
685,Grade 3
686,Grade 3
687,Grade 2
688,Grade 4
689,Grade 4
690,Grade 5
691,Grade 3
692,Grade 4
693,Grade 3
694,Grade 3
695,Grade 4
696,Grade 2
697,Grade 3
698,Grade 4
699,Grade 3
700,Grade 1
701,Grade 3
702,Grade 3
703,Grade 5
704,Grade 2
705,Grade 4
706,Grade 2
707,Grade 2
708,Grade 2
709,Grade 5
710,Grade 2
711,Grade 4
712,Grade 3
713,Grade 5
714,Grade 4
715,Grade 4
716,Grade 5
717,Grade 4
718,Grade 4
719,Grade 2
720,Grade 1
721,Grade 4
722,Grade 3
723,Grade 3
724,Grade 3
725,Grade 3
726,Grade 4
727,Grade 1
728,Grade 5
729,Grade 5
730,Grade 5
731,Grade 3
732,Grade 3
733,Grade 5
734,Grade 5
735,Grade 4
736,Grade 3
737,Grade 3
738,Grade 4
739,Grade 2
740,Grade 4
741,Grade 4
742,Grade 4
743,Grade 3
744,Grade 3
745,Grade 5
746,Grade 4
747,Grade 4
748,Grade 4
749,Grade 4
750,Grade 4
751,Grade 3
752,Grade 3
753,Grade 3
754,Grade 1
755,Grade 2
756,Grade 2
757,Grade 5
758,Grade 2
759,Grade 2
760,Grade 2
761,Grade 4
762,Grade 1
763,Grade 3
764,Grade 2
765,Grade 4
766,Grade 5
767,Grade 5
768,Grade 3
769,Grade 4
770,Grade 3
771,Grade 3
772,Grade 3
773,Grade 1
774,Grade 4
775,Grade 2
776,Grade 3
777,Grade 3
778,Grade 3
779,Grade 4
780,Grade 4
781,Grade 4
782,Grade 3
783,Grade 1
784,Grade 3
785,Grade 5
786,Grade 5
787,Grade 4
788,Grade 2
789,Grade 2
790,Grade 3
791,Grade 5
792,Grade 4
793,Grade 5
794,Grade 4
795,Grade 2
796,Grade 2
797,Grade 1
798,Grade 3
799,Grade 2
800,Grade 4
801,Grade 4
802,Grade 3
803,Grade 2
804,Grade 2
805,Grade 4
806,Grade 3
807,Grade 3
808,Grade 5
809,Grade 3
810,Grade 3
811,Grade 4
812,Grade 4
813,Grade 4
814,Grade 3
815,Grade 3
816,Grade 4
817,Grade 3
818,Grade 4
819,Grade 5
820,Grade 5
821,Grade 2
822,Grade 2
823,Grade 2
824,Grade 4
825,Grade 3
826,Grade 2
827,Grade 1
828,Grade 3
829,Grade 2
830,Grade 2
831,Grade 4
832,Grade 1
833,Grade 2
834,Grade 4
835,Grade 4
836,Grade 3
837,Grade 1
838,Grade 4
839,Grade 3
840,Grade 1
841,Grade 2
842,Grade 2
843,Grade 3
844,Grade 5
845,Grade 4
846,Grade 3
847,Grade 3
848,Grade 4
849,Grade 3
850,Grade 2
851,Grade 4
852,Grade 5
853,Grade 3
854,Grade 4
855,Grade 3
856,Grade 3
857,Grade 1
858,Grade 4
859,Grade 4
860,Grade 4
861,Grade 2
862,Grade 2
863,Grade 3
864,Grade 3
865,Grade 3
866,Grade 5
867,Grade 4
868,Grade 3
869,Grade 1
870,Grade 1
871,Grade 4
872,Grade 4
873,Grade 4
874,Grade 3
875,Grade 1
876,Grade 5
877,Grade 5
878,Grade 3
879,Grade 1
880,Grade 3
881,Grade 5
882,Grade 4
883,Grade 4
884,Grade 1
885,Grade 2
886,Grade 2
887,Grade 5
888,Grade 3
889,Grade 4
890,Grade 2
891,Grade 5
892,Grade 4
893,Grade 2
894,Grade 5
895,Grade 2
896,Grade 2
897,Grade 2
898,Grade 5
899,Grade 5
900,Grade 3
901,Grade 4
902,Grade 4
903,Grade 4
904,Grade 2
905,Grade 3
906,Grade 4
907,Grade 1
908,Grade 3
909,Grade 4
910,Grade 2
911,Grade 5
912,Grade 1
913,Grade 5
914,Grade 2
915,Grade 1
916,Grade 2
917,Grade 4
918,Grade 4
919,Grade 2
920,Grade 2
921,Grade 4
922,Grade 3
923,Grade 4
924,Grade 1
925,Grade 4
926,Grade 4
927,Grade 5
928,Grade 4
929,Grade 2
930,Grade 2
931,Grade 4
932,Grade 3
933,Grade 5
934,Grade 4
935,Grade 3
936,Grade 3
937,Grade 3
938,Grade 2
939,Grade 1
940,Grade 3
941,Grade 2
942,Grade 2
943,Grade 2
944,Grade 2
945,Grade 1
946,Grade 4
947,Grade 3
948,Grade 3
949,Grade 4
950,Grade 5
951,Grade 1
952,Grade 3
953,Grade 2
954,Grade 3
955,Grade 5
956,Grade 4
957,Grade 4
958,Grade 3
959,Grade 4
960,Grade 1
961,Grade 3
962,Grade 3
963,Grade 3
964,Grade 2
965,Grade 4
966,Grade 1
967,Grade 1
968,Grade 3
969,Grade 2
970,Grade 4
971,Grade 4
972,Grade 4
973,Grade 3
974,Grade 4
975,Grade 5
976,Grade 3
977,Grade 3
978,Grade 5
979,Grade 1
980,Grade 3
981,Grade 2
982,Grade 1
983,Grade 2
984,Grade 3
985,Grade 4
986,Grade 2
987,Grade 4
988,Grade 3
989,Grade 5
990,Grade 5
991,Grade 4
992,Grade 5
993,Grade 4
994,Grade 5
995,Grade 2
996,Grade 3
997,Grade 4
998,Grade 3
999,Grade 4
1000,Grade 5
1001,Grade 2
1002,Grade 4
1003,Grade 2
1004,Grade 3
1005,Grade 3
1006,Grade 2
1007,Grade 3
1008,Grade 3
1009,Grade 2
1010,Grade 4
1011,Grade 4
1012,Grade 3
1013,Grade 2
1014,Grade 5
1015,Grade 4
1016,Grade 2
1017,Grade 1
1018,Grade 4
1019,Grade 4
1020,Grade 2
1021,Grade 3
1022,Grade 3
1023,Grade 4
1024,Grade 2
1025,Grade 3
1026,Grade 2
1027,Grade 5
1028,Grade 4
1029,Grade 4
1030,Grade 4
1031,Grade 3
1032,Grade 5
1033,Grade 1
1034,Grade 4
1035,Grade 2
1036,Grade 3
1037,Grade 3
1038,Grade 4
1039,Grade 4
1040,Grade 3
1041,Grade 3
1042,Grade 5
1043,Grade 2
1044,Grade 4
1045,Grade 4
1046,Grade 3
1047,Grade 1
1048,Grade 3
1049,Grade 2
1050,Grade 2
1051,Grade 1
1052,Grade 3
1053,Grade 4
1054,Grade 4
1055,Grade 2
1056,Grade 3
1057,Grade 3
1058,Grade 3
1059,Grade 4
1060,Grade 3
1061,Grade 4
1062,Grade 3
1063,Grade 4
1064,Grade 3
1065,Grade 4
1066,Grade 5
1067,Grade 4
1068,Grade 4
1069,Grade 1
1070,Grade 5
1071,Grade 2
1072,Grade 2
1073,Grade 1
1074,Grade 5
1075,Grade 5
1076,Grade 5
1077,Grade 4
1078,Grade 3
1079,Grade 5
1080,Grade 5
1081,Grade 3
1082,Grade 2
1083,Grade 4
1084,Grade 5
1085,Grade 5
1086,Grade 5
1087,Grade 5
1088,Grade 5
1089,Grade 4
1090,Grade 4
1091,Grade 2
1092,Grade 4
1093,Grade 3
1094,Grade 5
1095,Grade 3
1096,Grade 2
1097,Grade 1
1098,Grade 4
1099,Grade 3
1100,Grade 3
1101,Grade 2
1102,Grade 3
1103,Grade 2
1104,Grade 3
1105,Grade 3
1106,Grade 3
1107,Grade 3
1108,Grade 2
1109,Grade 5
1110,Grade 3
1111,Grade 2
1112,Grade 2
1113,Grade 3
1114,Grade 1
1115,Grade 1
1116,Grade 4
1117,Grade 4
1118,Grade 3
1119,Grade 4
1120,Grade 1
1121,Grade 5
1122,Grade 1
1123,Grade 4
1124,Grade 2
1125,Grade 5
1126,Grade 3
1127,Grade 1
1128,Grade 4
1129,Grade 1
1130,Grade 4
1131,Grade 4
1132,Grade 2
1133,Grade 3
1134,Grade 1
1135,Grade 4
1136,Grade 3
1137,Grade 3
1138,Grade 5
1139,Grade 2
1140,Grade 5
1141,Grade 4
1142,Grade 2
1143,Grade 3
1144,Grade 4
1145,Grade 3
1146,Grade 1
1147,Grade 2
1148,Grade 4
1149,Grade 4
1150,Grade 3
1151,Grade 2
1152,Grade 4
1153,Grade 5
1154,Grade 1
1155,Grade 1
1156,Grade 5
1157,Grade 4
1158,Grade 4
1159,Grade 5
1160,Grade 4
1161,Grade 2
1162,Grade 4
1163,Grade 4
1164,Grade 5
1165,Grade 2
1166,Grade 3
1167,Grade 4
1168,Grade 3
1169,Grade 3
1170,Grade 5
1171,Grade 3
1172,Grade 4
1173,Grade 5
1174,Grade 2
1175,Grade 5
1176,Grade 4
1177,Grade 3
1178,Grade 3
1179,Grade 5
1180,Grade 2
1181,Grade 3
1182,Grade 3
1183,Grade 2
1184,Grade 3
1185,Grade 5
1186,Grade 5
1187,Grade 3
1188,Grade 3
1189,Grade 4
1190,Grade 1
1191,Grade 4
1192,Grade 5
1193,Grade 5
1194,Grade 3
1195,Grade 3
1196,Grade 1
1197,Grade 3
1198,Grade 3
1199,Grade 5
1200,Grade 5
1201,Grade 5
1202,Grade 5
1203,Grade 1
1204,Grade 4
1205,Grade 1
1206,Grade 2
1207,Grade 3
1208,Grade 4
1209,Grade 4
1210,Grade 1
1211,Grade 2
1212,Grade 2
1213,Grade 1
1214,Grade 2
1215,Grade 4
1216,Grade 4
1217,Grade 3
1218,Grade 4
1219,Grade 2
1220,Grade 5
1221,Grade 3
1222,Grade 4
1223,Grade 5
1224,Grade 5
1225,Grade 1
1226,Grade 4
1227,Grade 2
1228,Grade 1
1229,Grade 1
1230,Grade 5
1231,Grade 5
1232,Grade 2
1233,Grade 3
1234,Grade 5
1235,Grade 3
1236,Grade 3
1237,Grade 3
1238,Grade 4
1239,Grade 3
1240,Grade 4
1241,Grade 3
1242,Grade 2
1243,Grade 3
1244,Grade 1
1245,Grade 3
1246,Grade 2
1247,Grade 4
1248,Grade 3
1249,Grade 4
1250,Grade 5
1251,Grade 4
1252,Grade 5
1253,Grade 3
1254,Grade 2
1255,Grade 5
1256,Grade 5
1257,Grade 5
1258,Grade 4
1259,Grade 4
1260,Grade 1
1261,Grade 4
1262,Grade 1
1263,Grade 2
1264,Grade 3
1265,Grade 3
1266,Grade 1
1267,Grade 4
1268,Grade 5
1269,Grade 4
1270,Grade 3
1271,Grade 5
1272,Grade 2
1273,Grade 4
1274,Grade 2
1275,Grade 3
1276,Grade 3
1277,Grade 4
1278,Grade 1
1279,Grade 2
1280,Grade 3
1281,Grade 3
1282,Grade 4
1283,Grade 3
1284,Grade 3
1285,Grade 2
1286,Grade 2
1287,Grade 3
1288,Grade 4
1289,Grade 2
1290,Grade 2
1291,Grade 3
1292,Grade 2
1293,Grade 3
1294,Grade 3
1295,Grade 2
1296,Grade 1
1297,Grade 5
1298,Grade 4
1299,Grade 4
1300,Grade 3
1301,Grade 4
1302,Grade 5
1303,Grade 4
1304,Grade 2
1305,Grade 3
1306,Grade 3
1307,Grade 3
1308,Grade 3
1309,Grade 5
1310,Grade 4
1311,Grade 2
1312,Grade 1
1313,Grade 3
1314,Grade 1
1315,Grade 3
1316,Grade 3
1317,Grade 3
1318,Grade 5
1319,Grade 3
1320,Grade 2
1321,Grade 2
1322,Grade 3
1323,Grade 2
1324,Grade 4
1325,Grade 2
1326,Grade 3
1327,Grade 4
1328,Grade 1
1329,Grade 3
1330,Grade 3
1331,Grade 4
1332,Grade 3
1333,Grade 3
1334,Grade 4
1335,Grade 3
1336,Grade 3
1337,Grade 1
1338,Grade 4
1339,Grade 5
1340,Grade 5
1341,Grade 5
1342,Grade 4
1343,Grade 4
1344,Grade 4
1345,Grade 3
1346,Grade 3
1347,Grade 3
1348,Grade 3
1349,Grade 4
1350,Grade 3
1351,Grade 2
1352,Grade 2
1353,Grade 5
1354,Grade 4
1355,Grade 3
1356,Grade 3
1357,Grade 3
1358,Grade 1
1359,Grade 3
1360,Grade 4
1361,Grade 3
1362,Grade 3
1363,Grade 1
1364,Grade 3
1365,Grade 1
1366,Grade 3
1367,Grade 3
1368,Grade 4
1369,Grade 3
1370,Grade 3
1371,Grade 3
1372,Grade 4
1373,Grade 1
1374,Grade 4
1375,Grade 5
1376,Grade 2
1377,Grade 4
1378,Grade 4
1379,Grade 3
1380,Grade 4
1381,Grade 3
1382,Grade 3
1383,Grade 4
1384,Grade 4
1385,Grade 5
1386,Grade 2
1387,Grade 3
1388,Grade 2
1389,Grade 1
1390,Grade 3
1391,Grade 3
1392,Grade 2
1393,Grade 2
1394,Grade 3
1395,Grade 5
1396,Grade 4
1397,Grade 1
1398,Grade 5
1399,Grade 4
1400,Grade 5
1401,Grade 3
1402,Grade 3
1403,Grade 5
1404,Grade 2
1405,Grade 5
1406,Grade 4
1407,Grade 5
1408,Grade 3
1409,Grade 2
1410,Grade 3
1411,Grade 5
1412,Grade 3
1413,Grade 3
1414,Grade 3
1415,Grade 3
1416,Grade 2
1417,Grade 3
1418,Grade 4
1419,Grade 1
1420,Grade 5
1421,Grade 4
1422,Grade 4
1423,Grade 4
1424,Grade 2
1425,Grade 3
1426,Grade 4
1427,Grade 3
1428,Grade 3
1429,Grade 1
1430,Grade 4
1431,Grade 3
1432,Grade 3
1433,Grade 2
1434,Grade 5
1435,Grade 3
1436,Grade 4
1437,Grade 3
1438,Grade 4
1439,Grade 2
1440,Grade 4
1441,Grade 3
1442,Grade 3
1443,Grade 4
1444,Grade 4
1445,Grade 4
1446,Grade 5
1447,Grade 2
1448,Grade 5
1449,Grade 2
1450,Grade 4
1451,Grade 3
1452,Grade 3
1453,Grade 3
1454,Grade 3
1455,Grade 2
1456,Grade 3
1457,Grade 1
1458,Grade 3
1459,Grade 1
1460,Grade 2
1461,Grade 1
1462,Grade 3
1463,Grade 4
1464,Grade 5
1465,Grade 1
1466,Grade 4
1467,Grade 4
1468,Grade 3
1469,Grade 4
1470,Grade 2
1471,Grade 3
1472,Grade 3
1473,Grade 1
1474,Grade 4
1475,Grade 3
1476,Grade 2
1477,Grade 3
1478,Grade 4
1479,Grade 4
1480,Grade 4
1481,Grade 3
1482,Grade 3
1483,Grade 3
1484,Grade 2
1485,Grade 3
1486,Grade 3
1487,Grade 3
1488,Grade 5
1489,Grade 4
1490,Grade 2
1491,Grade 2
1492,Grade 2
1493,Grade 4
1494,Grade 4
1495,Grade 5
1496,Grade 3
1497,Grade 4
1498,Grade 3
1499,Grade 5
1500,Grade 4
1501,Grade 4
1502,Grade 3
1503,Grade 4
1504,Grade 3
1505,Grade 1
1506,Grade 1
1507,Grade 3
1508,Grade 3
1509,Grade 1
1510,Grade 2
1511,Grade 3
1512,Grade 3
1513,Grade 2
1514,Grade 1
1515,Grade 2
1516,Grade 2
1517,Grade 4
1518,Grade 2
1519,Grade 4
1520,Grade 3
1521,Grade 5
1522,Grade 2
1523,Grade 2
1524,Grade 1
1525,Grade 2
1526,Grade 4
1527,Grade 1
1528,Grade 2
1529,Grade 5
1530,Grade 3
1531,Grade 1
1532,Grade 1
1533,Grade 1
1534,Grade 5
1535,Grade 4
1536,Grade 4
1537,Grade 5
1538,Grade 3
1539,Grade 2
1540,Grade 3
1541,Grade 4
1542,Grade 5
1543,Grade 3
1544,Grade 3
1545,Grade 5
1546,Grade 2
1547,Grade 5
1548,Grade 2
1549,Grade 3
1550,Grade 2
1551,Grade 4
1552,Grade 3
1553,Grade 3
1554,Grade 5
1555,Grade 4
1556,Grade 4
1557,Grade 2
1558,Grade 5
1559,Grade 2
1560,Grade 2
1561,Grade 2
1562,Grade 3
1563,Grade 5
1564,Grade 2
1565,Grade 3
1566,Grade 4
1567,Grade 4
1568,Grade 4
1569,Grade 2
1570,Grade 4
1571,Grade 2
1572,Grade 5
1573,Grade 3
1574,Grade 4
1575,Grade 2
1576,Grade 2
1577,Grade 2
1578,Grade 3
1579,Grade 2
1580,Grade 4
1581,Grade 2
1582,Grade 4
1583,Grade 1
1584,Grade 2
1585,Grade 4
1586,Grade 4
1587,Grade 3
1588,Grade 1
1589,Grade 4
1590,Grade 3
1591,Grade 3
1592,Grade 4
1593,Grade 3
1594,Grade 1
1595,Grade 5
1596,Grade 4
1597,Grade 1
1598,Grade 3
1599,Grade 1
1600,Grade 4
1601,Grade 4
1602,Grade 2
1603,Grade 1
1604,Grade 1
1605,Grade 3
1606,Grade 4
1607,Grade 2
1608,Grade 2
1609,Grade 3
1610,Grade 2
1611,Grade 3
1612,Grade 3
1613,Grade 4
1614,Grade 5
1615,Grade 5
1616,Grade 3
1617,Grade 4
1618,Grade 5
1619,Grade 1
1620,Grade 1
1621,Grade 1
1622,Grade 3
1623,Grade 4
1624,Grade 3
1625,Grade 3
1626,Grade 3
1627,Grade 1
1628,Grade 3
1629,Grade 1
1630,Grade 2
1631,Grade 4
1632,Grade 4
1633,Grade 4
1634,Grade 4
1635,Grade 4
1636,Grade 4
1637,Grade 4
1638,Grade 4
1639,Grade 3
1640,Grade 3
1641,Grade 4
1642,Grade 2
1643,Grade 3
1644,Grade 3
1645,Grade 2
1646,Grade 5
1647,Grade 2
1648,Grade 3
1649,Grade 2
1650,Grade 4
1651,Grade 3
1652,Grade 4
1653,Grade 4
1654,Grade 3
1655,Grade 2
1656,Grade 2
1657,Grade 4
1658,Grade 4
1659,Grade 2
1660,Grade 2
1661,Grade 2
1662,Grade 4
1663,Grade 1
1664,Grade 1
1665,Grade 3
1666,Grade 4
1667,Grade 4
1668,Grade 3
1669,Grade 4
1670,Grade 3
1671,Grade 5
1672,Grade 2
1673,Grade 4
1674,Grade 3
1675,Grade 2
1676,Grade 4
1677,Grade 2
1678,Grade 3
1679,Grade 3
1680,Grade 2
1681,Grade 3
1682,Grade 3
1683,Grade 4
1684,Grade 4
1685,Grade 2
1686,Grade 3
1687,Grade 5
1688,Grade 2
1689,Grade 3
1690,Grade 4
1691,Grade 4
1692,Grade 2
1693,Grade 3
1694,Grade 3
1695,Grade 5
1696,Grade 2
1697,Grade 5
1698,Grade 3
1699,Grade 2
1700,Grade 3
1701,Grade 4
1702,Grade 2
1703,Grade 2
1704,Grade 5
1705,Grade 5
1706,Grade 3
1707,Grade 2
1708,Grade 4
1709,Grade 4
1710,Grade 2
1711,Grade 5
1712,Grade 1
1713,Grade 4
1714,Grade 3
1715,Grade 3
1716,Grade 2
1717,Grade 4
1718,Grade 5
1719,Grade 3
1720,Grade 3
1721,Grade 2
1722,Grade 5
1723,Grade 5
1724,Grade 4
1725,Grade 3
1726,Grade 5
1727,Grade 2
1728,Grade 3
1729,Grade 3
1730,Grade 3
1731,Grade 4
1732,Grade 4
1733,Grade 2
1734,Grade 3
1735,Grade 3
1736,Grade 3
1737,Grade 2
1738,Grade 2
1739,Grade 4
1740,Grade 5
1741,Grade 5
1742,Grade 5
1743,Grade 4
1744,Grade 2
1745,Grade 5
1746,Grade 3
1747,Grade 4
1748,Grade 3
1749,Grade 4
1750,Grade 3
1751,Grade 1
1752,Grade 3
1753,Grade 2
1754,Grade 5
1755,Grade 3
1756,Grade 3
1757,Grade 5
1758,Grade 4
1759,Grade 3
1760,Grade 2
1761,Grade 3
1762,Grade 5
1763,Grade 4
1764,Grade 5
1765,Grade 1
1766,Grade 2
1767,Grade 1
1768,Grade 4
1769,Grade 2
1770,Grade 1
1771,Grade 3
1772,Grade 3
1773,Grade 4
1774,Grade 3
1775,Grade 3
1776,Grade 3
1777,Grade 5
1778,Grade 3
1779,Grade 3
1780,Grade 3
1781,Grade 2
1782,Grade 5
1783,Grade 2
1784,Grade 5
1785,Grade 2
1786,Grade 5
1787,Grade 4
1788,Grade 3
1789,Grade 4
1790,Grade 3
1791,Grade 3
1792,Grade 2
1793,Grade 3
1794,Grade 4
1795,Grade 2
1796,Grade 4
1797,Grade 3
1798,Grade 3
1799,Grade 5
1800,Grade 4
1801,Grade 4
1802,Grade 4
1803,Grade 5
1804,Grade 2
1805,Grade 4
1806,Grade 3
1807,Grade 1
1808,Grade 2
1809,Grade 3
1810,Grade 3
1811,Grade 5
1812,Grade 4
1813,Grade 3
1814,Grade 1
1815,Grade 2
1816,Grade 3
1817,Grade 4
1818,Grade 1
1819,Grade 3
1820,Grade 5
1821,Grade 4
1822,Grade 4
1823,Grade 4
1824,Grade 2
1825,Grade 2
1826,Grade 4
1827,Grade 4
1828,Grade 3
1829,Grade 2
1830,Grade 4
1831,Grade 1
1832,Grade 2
1833,Grade 3
1834,Grade 3
1835,Grade 2
1836,Grade 2
1837,Grade 4
1838,Grade 3
1839,Grade 3
1840,Grade 3
1841,Grade 5
1842,Grade 1
1843,Grade 2
1844,Grade 4
1845,Grade 2
1846,Grade 3
1847,Grade 3
1848,Grade 5
1849,Grade 5
1850,Grade 5
1851,Grade 2
1852,Grade 5
1853,Grade 2
1854,Grade 4
1855,Grade 4
1856,Grade 2
1857,Grade 4
1858,Grade 1
1859,Grade 2
1860,Grade 5
1861,Grade 2
1862,Grade 1
1863,Grade 3
1864,Grade 5
1865,Grade 1
1866,Grade 3
1867,Grade 5
1868,Grade 2
1869,Grade 3
1870,Grade 4
1871,Grade 3
1872,Grade 4
1873,Grade 2
1874,Grade 5
1875,Grade 5
1876,Grade 2
1877,Grade 1
1878,Grade 5
1879,Grade 3
1880,Grade 3
1881,Grade 4
1882,Grade 4
1883,Grade 4
1884,Grade 2
1885,Grade 2
1886,Grade 5
1887,Grade 4
1888,Grade 4
1889,Grade 5
1890,Grade 4
1891,Grade 2
1892,Grade 4
1893,Grade 3
1894,Grade 1
1895,Grade 3
1896,Grade 4
1897,Grade 5
1898,Grade 2
1899,Grade 2
1900,Grade 3
1901,Grade 4
1902,Grade 4
1903,Grade 3
1904,Grade 4
1905,Grade 2
1906,Grade 3
1907,Grade 2
1908,Grade 5
1909,Grade 2
1910,Grade 4
1911,Grade 2
1912,Grade 3
1913,Grade 2
1914,Grade 3
1915,Grade 2
1916,Grade 4
1917,Grade 3
1918,Grade 4
1919,Grade 3
1920,Grade 3
1921,Grade 3
1922,Grade 5
1923,Grade 3
1924,Grade 2
1925,Grade 5
1926,Grade 2
1927,Grade 4
1928,Grade 2
1929,Grade 4
1930,Grade 2
1931,Grade 5
1932,Grade 3
1933,Grade 3
1934,Grade 2
1935,Grade 3
1936,Grade 4
1937,Grade 3
1938,Grade 2
1939,Grade 3
1940,Grade 3
1941,Grade 2
1942,Grade 2
1943,Grade 4
1944,Grade 5
1945,Grade 2
1946,Grade 4
1947,Grade 1
1948,Grade 3
1949,Grade 3
1950,Grade 2
1951,Grade 3
1952,Grade 5
1953,Grade 5
1954,Grade 2
1955,Grade 2
1956,Grade 5
1957,Grade 2
1958,Grade 4
1959,Grade 2
1960,Grade 3
1961,Grade 2
1962,Grade 5
1963,Grade 5
1964,Grade 2
1965,Grade 4
1966,Grade 3
1967,Grade 1
1968,Grade 4
1969,Grade 3
1970,Grade 2
1971,Grade 2
1972,Grade 5
1973,Grade 5
1974,Grade 4
1975,Grade 2
1976,Grade 4
1977,Grade 2
1978,Grade 5
1979,Grade 1
1980,Grade 3
1981,Grade 3
1982,Grade 4
1983,Grade 4
1984,Grade 3
1985,Grade 3
1986,Grade 4
1987,Grade 1
1988,Grade 4
1989,Grade 5
1990,Grade 1
1991,Grade 1
1992,Grade 3
1993,Grade 1
1994,Grade 3
1995,Grade 4
1996,Grade 3
1997,Grade 2
1998,Grade 4
1999,Grade 4
2000,Grade 5
